NomeElementoRadice,IndiceElemento,NomeElemento,NomeTabella,TipoInfo,DescrizioneFunzionale,FormatoEValoriAmmessi,ObbligatorietaEOccorrenze,Dimensione,ControlliExtraSchema,CodiceDescrizioneErrore
FatturaElettronicaHeader,1,FatturaElettronicaHeader,FatturaElettronicaHeader,,"Il blocco ha molteplicità pari a 1, sia nel caso di fattura singola che nel caso di lotto di fatture",,<1.1>,,,
FatturaElettronicaHeader,1.1,DatiTrasmissione,FatturaElettronicaHeader,,"Blocco sempre obbligatorio contenente informazioni che identificano univocamente il soggetto che trasmette, il documento trasmesso, il formato in cui è stato trasmesso il documento, il soggetto destinatario",,<1.1>,,,
FatturaElettronicaHeader,1.1.1,IdTrasmittente,FatturaElettronicaHeader,,"E' l’identificativo univoco del soggetto trasmittente; per i soggetti residenti in Italia, siano essi persone fisiche o giuridiche, corrisponde al codice fiscale preceduto da IT; per i soggetti non residenti corrisponde al numero identificativo IVA (dove i primi due caratteri rappresentano il paese secondo lo standard ISO 3166-1 alpha-2 code, ed i restanti, fino ad un massimo di 28, il codice vero e proprio)",,<1.1>,,,
FatturaElettronicaHeader,1.1.1.1,IdPaese,FatturaElettronicaHeader,xs:string,Codice della nazione espresso secondo lo standard ISO 3166-1 alpha-2 code,"[IT], [ES], [DK],[…]",<1.1>,2,,
FatturaElettronicaHeader,1.1.1.2,IdCodice,FatturaElettronicaHeader,xs:string,Codice identificativo fiscale,formato alfanumerico,<1.1>,1 … 28,"Se l'elemento informativo 1.1.1.1 <IdPaese> vale ""IT"", viene verificato che la Partita IVA sia censita in Anagrafe Tributaria",00300: 1.1.1.2 <IdCodice> non valido
FatturaElettronicaHeader,1.1.2,ProgressivoInvio,FatturaElettronicaHeader,xs:normalizedString,"Numerazione attribuita dal soggetto che trasmette, secondo sue proprie regole",formato alfanumerico,<1.1>,1 … 10,,
FatturaElettronicaHeader,1.1.3,FormatoTrasmissione,FatturaElettronicaHeader,xs:string,Contiene il codice identificativo del tipo di trasmissione che si sta effettuando e del relativo formato,"valori ammessi:
[FPA12] = fattura verso PA
[FPR12] = fattura verso privati",<1.1>,5,"Viene controllata la coerenza con l'elemento informativo
1.1.4 <CodiceDestinatario> :
se vale ""FPA12"", l'elemento informativo  1.1.4  deve essere di 6 caratteri;
se vale ""FPR12"", l'elemento informativo  1.1.4  deve essere di 7 caratteri","00428: 1.1.3 <FormatoTrasmissione> con valore diverso da “FPA12” e “FPR12”
00427: 1.1.4 <CodiceDestinatario> di 7 caratteri a fronte di 1.1.3 <FormatoTrasmissione> con valore “FPA12” o 1.1.4 <CodiceDestinatario> di 6 caratteri a fronte di 1.1.3 <FormatoTrasmissione> con valore “FPR12”
"
FatturaElettronicaHeader,1.1.4,CodiceDestinatario,FatturaElettronicaHeader,xs:string,"Per le fatture verso la PA (1.1.3 <FormatoTrasmissione> = FPA12) contiene il codice, di 6 caratteri, dell'ufficio destinatario della fattura, definito dall'amministrazione di appartenenza come riportato nella rubrica “Indice PA”.
Per le fatture verso privati (1.1.3 <FormatoTrasmissione> = FPR12) contiene il codice, di 7 caratteri, assegnato dal Sdi ai soggetti che hanno accreditato un canale; qualora il destinatario non abbia accreditato un canale presso Sdi e riceva via PEC le fatture, l'elemento deve essere valorizzato con tutti zeri ('0000000'). ",formato alfanumerico,<1.1>,6 … 7,"Viene controllata la validità del codice che deve essere presente in IPA (se di 6 caratteri), oppure nell'anagrafica del Sistema di Interscambio (se di 7 caratteri e diverso da ""0000000"").
Se valorizzato a ""0000000"" viene controllato che sia valorizzato l'elemento informativo 1.1.6 <PECDestinatario>.
Quando è riferito ad una PA (6 caratteri) ed è valorizzato come ufficio 'centrale' (UF....) o come codice di default (999999), viene controllata l'esistenza delle condizioni che giustificano tale valorizzazione.
","00311: 1.1.4 <CodiceDestinatario> non valido
00312: 1.1.4 <CodiceDestinatario> non attivo
00427: 1.1.4 <CodiceDestinatario> di 7 caratteri a fronte di 1.1.3 <FormatoTrasmissione> con valore “FPA12” o 1.1.4 <CodiceDestinatario> di 6 caratteri a fronte di 1.1.3 <FormatoTrasmissione> con valore “FPR12”
00398: Codice Ufficio presente ed univocamente identificabile nell’anagrafica IPA di riferimento, in presenza di 1.1.4 <CodiceDestinatario> valorizzato con codice ufficio “Centrale”
00399: CodiceFiscale del CessionarioCommittente presente nell’anagrafica IPA di riferimento in presenza di 1.1.4 <CodiceDestinatario> valorizzato  a “999999”"
FatturaElettronicaHeader,1.1.5,ContattiTrasmittente,FatturaElettronicaHeader,,Dati relativi ai contatti del trasmittente,,<0.1>,,,
FatturaElettronicaHeader,1.1.5.1,Telefono,FatturaElettronicaHeader,xs:normalizedString,Contatto telefonico fisso o mobile,formato alfanumerico,<0.1>,5 … 12,,
FatturaElettronicaHeader,1.1.5.2,Email,FatturaElettronicaHeader,xs:string,Indirizzo di posta elettronica,formato alfanumerico,<0.1>,7 … 256,,
FatturaElettronicaHeader,1.1.6,PECDestinatario,FatturaElettronicaHeader,xs:normalizedString,Indirizzo PEC al quale inviare il documento. Da valorizzare SOLO nei casi in cui l'elemento informativo 1.1.4 <CodiceDestinatario> vale '0000000'  ,formato alfanumerico,<0.1>,7 … 256,"Se valorizzato, viene controllato che l'elemento informativo 1.1.4 <CodiceDestinatario> sia uguale a ""0000000""","00426: 1.1.6 <PECDestinatario> non valorizzato a fronte di 1.1.4 <CodiceDestinatario> con valore 0000000, o 1.1.6 <PECDestinatario> valorizzato a fronte di 1.1.4 <Codice Destinatario> con valore diverso da 0000000"
FatturaElettronicaHeader,1.2,CedentePrestatore,FatturaElettronicaHeader,,Blocco sempre obbligatorio contenente dati relativi al cedente / prestatore (fornitore),,<1.1>,,,
FatturaElettronicaHeader,1.2.1,DatiAnagrafici,FatturaElettronicaHeader,,"Blocco sempre obbligatorio contenente i dati fiscali, anagrafici e professionali del cedente / prestatore",,<1.1>,,,
FatturaElettronicaHeader,1.2.1.1,IdFiscaleIVA,FatturaElettronicaHeader,,"Numero di identificazione fiscale ai fini IVA; i primi due caratteri rappresentano il paese ( IT, DE, ES …..) ed i restanti (fino ad un massimo di 28) il codice vero e proprio che, per i residenti in Italia, corrisponde al numero di partita IVA.",,<1.1>,,,
FatturaElettronicaHeader,1.2.1.1.1,IdPaese,FatturaElettronicaHeader,xs:string,Codice della nazione espresso secondo lo standard ISO 3166-1 alpha-2 code,"[IT], [ES], [DK],[…]",<1.1>,2,,
FatturaElettronicaHeader,1.2.1.1.2,IdCodice,FatturaElettronicaHeader,xs:string,Codice identificativo fiscale,formato alfanumerico,<1.1>,1 … 28,"Se l'elemento informativo 1.2.1.1.2 <IdPaese> vale ""IT"", viene verificato che la Partita IVA sia censita in Anagrafe Tributaria",00301: 1.2.1.1.2 <IdCodice> non valido
FatturaElettronicaHeader,1.2.1.2,CodiceFiscale,FatturaElettronicaHeader,xs:string,Numero di Codice Fiscale,formato alfanumerico,<0.1>,11 … 16,Viene controllata la sua esistenza in Anagrafe Tributaria,00302: 1.2.1.2 <CodiceFiscale> non valido
FatturaElettronicaHeader,1.2.1.3,Anagrafica,FatturaElettronicaHeader,,Dati anagrafici identificativi del cedente / prestatore. ,,<1.1>,,,
FatturaElettronicaHeader,1.2.1.3.1,Denominazione,FatturaElettronicaHeader,xs:normalizedString,"Ditta, denominazione o ragione sociale (ditta, impresa, società, ente), da valorizzare solo se non sono valorizzati gli elementi informativi 1.2.1.3.2 <Nome> e 1.2.1.3.3 <Cognome>",formato alfanumerico,<0.1>,1 … 80,,"00200: file non conforme al formato (l'errore viene rilevato nei casi in cui:
- non è valorizzato e non sono valorizzati i campi <Nome> e <Cognome> seguenti
- è valorizzato ma lo sono pure i campi <Nome> e/o <Cognome> seguenti)
"
FatturaElettronicaHeader,1.2.1.3.2,Nome,FatturaElettronicaHeader,xs:normalizedString,Nome della persona fisica. Da valorizzare insieme all'elemento informativo 1.2.1.3.3  <Cognome> e solo se non è valorizzato l'elemento informativo 1.2.1.3.1 <Denominazione>,formato alfanumerico,<0.1>,1 … 60,,"00200: file non conforme al formato (l'errore viene rilevato nei casi in cui:
- non è valorizzato e non è valorizzato il campo <Denominazione> precedente
- è valorizzato ma lo è pure il campo <Denominazione> precedente"
FatturaElettronicaHeader,1.2.1.3.3,Cognome,FatturaElettronicaHeader,xs:normalizedString,Cognome della persona fisica. Da valorizzare insieme all'elemento informativo 1.2.1.3.2 <Nome>  e solo se non è valorizzato l'elemento informativo 1.2.1.3.1 <Denominazione>,formato alfanumerico,<0.1>,1 … 60,,"00200: file non conforme al formato (l'errore viene rilevato nei casi in cui:
- non è valorizzato e non è valorizzato il campo <Denominazione> precedente
- è valorizzato ma lo è pure il campo <Denominazione> precedente"
FatturaElettronicaHeader,1.2.1.3.4,Titolo,FatturaElettronicaHeader,xs:normalizedString,Titolo onorifico,formato alfanumerico,<0.1>,2 … 10,,
FatturaElettronicaHeader,1.2.1.3.5,CodEORI,FatturaElettronicaHeader,xs:string,Numero del Codice EORI (Economic Operator Registration and Identification)  in base al Regolamento (CE) n. 312 del 16 aprile 2009. In vigore dal 1 luglio 2009,formato alfanumerico,<0.1>,13 … 17,,
FatturaElettronicaHeader,1.2.1.4,AlboProfessionale,FatturaElettronicaHeader,xs:normalizedString,Nome dell'albo professionale,formato alfanumerico,<0.1>,1 … 60,,
FatturaElettronicaHeader,1.2.1.5,ProvinciaAlbo,FatturaElettronicaHeader,xs:string,Sigla della provincia di competenza dell'albo professionale,"[RM], [MI], […]",<0.1>,2,,
FatturaElettronicaHeader,1.2.1.6,NumeroIscrizioneAlbo,FatturaElettronicaHeader,xs:normalizedString,Numero di iscrizione all'albo professionale,formato alfanumerico,<0.1>,1 … 60,,
FatturaElettronicaHeader,1.2.1.7,DataIscrizioneAlbo,FatturaElettronicaHeader,xs:date,Data di iscrizione all'albo professionale (secondo il formato ISO 8601:2004),"formato ISO 8601:2004, con la  precisione seguente:  YYYY-MM-DD",<0.1>,10,,
FatturaElettronicaHeader,1.2.1.8,RegimeFiscale,FatturaElettronicaHeader,xs:string,Regime fiscale.,"valori ammessi:
vedi codifiche in calce al documento",<1.1>,4,,
FatturaElettronicaHeader,1.2.2,Sede,FatturaElettronicaHeader,,Blocco contenente i dati della sede del cedente / prestatore. Si tratta della sede legale per le società e del domicilio fiscale per le ditte individuali e i lavoratori autonomi.,,<1.1>,,,
FatturaElettronicaHeader,1.2.2.1,Indirizzo,FatturaElettronicaHeader,xs:normalizedString,"Indirizzo della sede del cedente o prestatore (nome della via, piazza etc.)",formato alfanumerico,<1.1>,1 … 60,,
FatturaElettronicaHeader,1.2.2.2,NumeroCivico,FatturaElettronicaHeader,xs:normalizedString,Numero civico riferito all'indirizzo (non indicare se già presente nell'elemento informativo indirizzo),formato alfanumerico,<0.1>,1 … 8,,
FatturaElettronicaHeader,1.2.2.3,CAP,FatturaElettronicaHeader,xs:string,Codice Avviamento Postale,formato numerico,<1.1>,5,,
FatturaElettronicaHeader,1.2.2.4,Comune,FatturaElettronicaHeader,xs:normalizedString,Comune relativo alla sede del cedente / prestatore,formato alfanumerico,<1.1>,1 … 60,,
FatturaElettronicaHeader,1.2.2.5,Provincia,FatturaElettronicaHeader,xs:string,Sigla della provincia di appartenenza del comune indicato nell'elemento informativo 1.2.2.4 <Comune>. Da valorizzare se l'elemento informativo 1.2.2.6 <Nazione> è uguale a IT,"[RM], [MI], […]",<0.1>,2,,
FatturaElettronicaHeader,1.2.2.6,Nazione,FatturaElettronicaHeader,xs:string,Codice della nazione espresso secondo lo standard ISO 3166-1 alpha-2 code,"[IT], [ES], [DK],[…]",<1.1>,2,,
FatturaElettronicaHeader,1.2.3,StabileOrganizzazione,FatturaElettronicaHeader,,"Blocco da valorizzare nei casi di cedente / prestatore non residente, con stabile organizzazione in Italia",,<0.1>,,,
FatturaElettronicaHeader,1.2.3.1,Indirizzo,FatturaElettronicaHeader,xs:normalizedString,"Indirizzo della stabile organizzazione in Italia (nome della via, piazza etc.)",formato alfanumerico,<1.1>,1 … 60,,
FatturaElettronicaHeader,1.2.3.2,NumeroCivico,FatturaElettronicaHeader,xs:normalizedString,Numero civico riferito all'indirizzo (non indicare se già presente nell'elemento informativo indirizzo),formato alfanumerico,<0.1>,1 … 8,,
FatturaElettronicaHeader,1.2.3.3,CAP,FatturaElettronicaHeader,xs:string,Codice Avviamento Postale,formato numerico,<1.1>,5,,
FatturaElettronicaHeader,1.2.3.4,Comune,FatturaElettronicaHeader,xs:normalizedString,Comune relativo alla stabile organizzazione in Italia,formato alfanumerico,<1.1>,1 … 60,,
FatturaElettronicaHeader,1.2.3.5,Provincia,FatturaElettronicaHeader,xs:string,Sigla della provincia di appartenenza del comune indicato nell'elemento informativo 1.2.3.4 <Comune>. Da valorizzare se l'elemento informativo 1.2.3.6 <Nazione> è uguale a IT,"[RM], [MI], […]",<0.1>,2,,
FatturaElettronicaHeader,1.2.3.6,Nazione,FatturaElettronicaHeader,xs:string,Codice della nazione espresso secondo lo standard ISO 3166-1 alpha-2 code,"[IT], [ES], [DK],[…]",<1.1>,2,,
FatturaElettronicaHeader,1.2.4,IscrizioneREA,FatturaElettronicaHeader,,Blocco da valorizzare nei casi di società iscritte nel registro delle imprese ai sensi dell'art. 2250 del codice civile.,,<0.1>,,,
FatturaElettronicaHeader,1.2.4.1,Ufficio,FatturaElettronicaHeader,xs:string,Sigla della provincia dell'Ufficio del registro delle imprese presso il quale è registrata la società,"[RM], [MI], […]",<1.1>,2,,
FatturaElettronicaHeader,1.2.4.2,NumeroREA,FatturaElettronicaHeader,xs:normalizedString,Numero di iscrizione al registro delle imprese,formato alfanumerico,<1.1>,1 … 20,,
FatturaElettronicaHeader,1.2.4.3,CapitaleSociale,FatturaElettronicaHeader,xs:decimal,"Nei soli casi di società di capitali (SpA, SApA, SRL), l'elemento informativo va valorizzato per indicare il capitale sociale",formato numerico; i decimali vanno separati dall'intero con il carattere  '.' (punto),<0.1>,4 … 15,,
FatturaElettronicaHeader,1.2.4.4,SocioUnico,FatturaElettronicaHeader,xs:string,"Nei casi di società per azioni e a responsabilità limitata, l'elemento informativo va valorizzato per indicare se vi è un socio unico  oppure se vi sono più soci ","valori ammessi
[SU] : socio unico
[SM] : più soci",<0.1>,2,,
FatturaElettronicaHeader,1.2.4.5,StatoLiquidazione,FatturaElettronicaHeader,xs:string,Indica se la Società si trova in stato di liquidazione oppure no,"valori ammessi
[LS] : in liquidazione
[LN] : non in liquidazione",<1.1>,2,,
FatturaElettronicaHeader,1.2.5,Contatti,FatturaElettronicaHeader,,Dati relativi ai contatti del cedente / prestatore,,<0.1>,,,
FatturaElettronicaHeader,1.2.5.1,Telefono,FatturaElettronicaHeader,xs:normalizedString,Contatto telefonico fisso o mobile,formato alfanumerico,<0.1>,5 … 12,,
FatturaElettronicaHeader,1.2.5.2,Fax,FatturaElettronicaHeader,xs:normalizedString,Numero di fax,formato alfanumerico,<0.1>,5 … 12,,
FatturaElettronicaHeader,1.2.5.3,Email,FatturaElettronicaHeader,xs:string,Indirizzo di posta elettronica,formato alfanumerico,<0.1>,7 … 256,,
FatturaElettronicaHeader,1.2.6,RiferimentoAmministrazione,FatturaElettronicaHeader,xs:normalizedString,Codice identificativo del cedente / prestatore ai fini amministrativo-contabili,formato alfanumerico,<0.1>,1 … 20,,
FatturaElettronicaHeader,1.3,RappresentanteFiscale,FatturaElettronicaHeader,,Blocco da valorizzare nei casi in cui il cedente / prestatore si avvalga di un rappresentante fiscale in Italia.,,<0.1>,,,
FatturaElettronicaHeader,1.3.1,DatiAnagrafici,FatturaElettronicaHeader,,Blocco contenente i dati fiscali e anagrafici del rappresentante fiscale del cedente / prestatore,,<1.1>,,,
FatturaElettronicaHeader,1.3.1.1,IdFiscaleIVA,FatturaElettronicaHeader,,"Numero di identificazione fiscale ai fini IVA; i primi due caratteri rappresentano il paese ( IT, DE, ES …..) ed i restanti (fino ad un massimo di 28) il codice vero e proprio che, per i residenti in Italia, corrisponde al numero di partita IVA.",,<1.1>,,,
FatturaElettronicaHeader,1.3.1.1.1,IdPaese,FatturaElettronicaHeader,xs:string,Codice della nazione espresso secondo lo standard ISO 3166-1 alpha-2 code,"[IT], [ES], [DK],[…]",<1.1>,2,,
FatturaElettronicaHeader,1.3.1.1.2,IdCodice,FatturaElettronicaHeader,xs:string,Codice identificativo fiscale,formato alfanumerico,<1.1>,1 … 28,"Se l'elemento informativo 1.3.1.1.1 <IdPaese> vale ""IT"", viene verificato che la Partita IVA sia censita in Anagrafe Tributaria",00303: 1.3.1.1.2 <IdCodice> o 1.4.4.1.2 <IdCodice> non valido
FatturaElettronicaHeader,1.3.1.2,CodiceFiscale,FatturaElettronicaHeader,xs:string,Numero di Codice Fiscale,formato alfanumerico,<0.1>,11 … 16,Viene controllata la sua esistenza in Anagrafe Tributaria,00304: 1.3.1.2 <CodiceFiscale> non valido
FatturaElettronicaHeader,1.3.1.3,Anagrafica,FatturaElettronicaHeader,,Dati anagrafici identificativi del rappresentante fiscale del cedente / prestatore,,<1.1>,,,
FatturaElettronicaHeader,1.3.1.3.1,Denominazione,FatturaElettronicaHeader,xs:normalizedString,"Ditta, denominazione o ragione sociale (ditta, impresa, società, ente), da valorizzare in alternativa agli elementi informativi 1.3.1.3.2 <Nome>  e 1.3.1.3.3 <Cognome>",formato alfanumerico,<0.1>,1 … 80,,"00200: file non conforme al formato (l'errore viene rilevato nei casi in cui:
- non è valorizzato e non sono valorizzati i campi <Nome> e <Cognome> seguenti
- è valorizzato ma lo sono pure i campi <Nome> e/o <Cognome> seguenti)
"
FatturaElettronicaHeader,1.3.1.3.2,Nome,FatturaElettronicaHeader,xs:normalizedString,Nome della persona fisica. Da valorizzare insieme all'elemento informativo 1.3.1.3.3 <Cognome> ed in alternativa all'elemento informativo 1.3.1.3.1  <Denominazione>,formato alfanumerico,<0.1>,1 … 60,,"00200: file non conforme al formato (l'errore viene rilevato nei casi in cui:
- non è valorizzato e non è valorizzato il campo <Denominazione> precedente
- è valorizzato ma lo è pure il campo <Denominazione> precedente"
FatturaElettronicaHeader,1.3.1.3.3,Cognome,FatturaElettronicaHeader,xs:normalizedString,Cognome della persona fisica. Da valorizzare insieme all'elemento informativo 1.3.1.3.2 <Nome> ed in alternativa all'elemento informativo 1.3.1.3.1 <Denominazione>,formato alfanumerico,<0.1>,1 … 60,,"00200: file non conforme al formato (l'errore viene rilevato nei casi in cui:
- non è valorizzato e non è valorizzato il campo <Denominazione> precedente
- è valorizzato ma lo è pure il campo <Denominazione> precedente"
FatturaElettronicaHeader,1.3.1.3.4,Titolo,FatturaElettronicaHeader,xs:normalizedString,Titolo onorifico,formato alfanumerico,<0.1>,2 … 10,,
FatturaElettronicaHeader,1.3.1.3.5,CodEORI,FatturaElettronicaHeader,xs:string,Numero del Codice EORI (Economic Operator Registration and Identification)  in base al Regolamento (CE) n. 312 del 16 aprile 2009. In vigore dal 1 luglio 2009,formato alfanumerico,<0.1>,13 … 17,,
FatturaElettronicaHeader,1.4,CessionarioCommittente,FatturaElettronicaHeader,,Blocco sempre obbligatorio contenente dati relativi al cessionario / committente (cliente),,<1.1>,,,
FatturaElettronicaHeader,1.4.1,DatiAnagrafici,FatturaElettronicaHeader,,Blocco contenente i dati fiscali e anagrafici del cessionario/committente,,<1.1>,,,
FatturaElettronicaHeader,1.4.1.1,IdFiscaleIVA,FatturaElettronicaHeader,,"Numero di identificazione fiscale ai fini IVA; i primi due caratteri rappresentano il paese ( IT, DE, ES …..) ed i restanti (fino ad un massimo di 28) il codice vero e proprio che, per i residenti in Italia, corrisponde al numero di partita IVA. L’indicazione di questo elemento informativo è obbligatoria nei casi in cui il cessionario/committente è titolare di partita IVA (agisce nell’esercizio di impresa, arte o professione).",,<0.1>,,"Se non è valorizzato, viene controllato che sia valorizzato l'elemento informativo 1.4.1.2 <CodiceFiscale>",00417: 1.4.1.1 <IdFiscaleIVA> e 1.4.1.2 <CodiceFiscale> non valorizzati (almeno uno dei due deve essere valorizzato)
FatturaElettronicaHeader,1.4.1.1.1,IdPaese,FatturaElettronicaHeader,xs:string,Codice della nazione espresso secondo lo standard ISO 3166-1 alpha-2 code,"[IT], [ES], [DK],[…]",<1.1>,2,,
FatturaElettronicaHeader,1.4.1.1.2,IdCodice,FatturaElettronicaHeader,xs:string,Codice identificativo fiscale,formato alfanumerico,<1.1>,1 … 28,"Se valorizzato e se l'elemento informativo 1.4.1.1.1 <IdPaese> vale ""IT"", viene verificato che la Partita IVA sia censita in Anagrafe Tributaria",00305: 1.4.1.1.2 <IdCodice> non valido
FatturaElettronicaHeader,1.4.1.2,CodiceFiscale,FatturaElettronicaHeader,xs:string,Numero di Codice Fiscale,formato alfanumerico,<0.1>,11 … 16,"Se non è valorizzato, viene controllato che sia valorizzato il blocco 1.4.1.1 <IdFiscaleIVA>
Se valorizzato, viene controllata la sua esistenza in Anagrafe Tributaria","00417: 1.4.1.1 <IdFiscaleIVA> e 1.4.1.2 <CodiceFiscale> non valorizzati (almeno uno dei due deve essere valorizzato)
00306: 1.4.1.2 <CodiceFiscale> non valido"
FatturaElettronicaHeader,1.4.1.3,Anagrafica,FatturaElettronicaHeader,,Dati anagrafici identificativi del cessionario / committente.,,<1.1>,,,
FatturaElettronicaHeader,1.4.1.3.1,Denominazione,FatturaElettronicaHeader,xs:normalizedString,"Ditta, denominazione o ragione sociale (ditta, impresa, società, ente), da valorizzare in alternativa agli elementi informativi 1.4.1.3.2 <Nome>  e 1.4.1.3.3 <Cognome>",formato alfanumerico,<0.1>,1 … 80,,"00200: file non conforme al formato (l'errore viene rilevato nei casi in cui:
- non è valorizzato e non sono valorizzati i campi <Nome> e <Cognome> seguenti
- è valorizzato ma lo sono pure i campi <Nome> e/o <Cognome> seguenti)
"
FatturaElettronicaHeader,1.4.1.3.2,Nome,FatturaElettronicaHeader,xs:normalizedString,Nome della persona fisica. Da valorizzare insieme all'elemento informativo 1.4.1.3.3  <Cognome> ed in alternativa all'elemento informativo 1.4.1.3.1 <Denominazione>,formato alfanumerico,<0.1>,1 … 60,,"00200: file non conforme al formato (l'errore viene rilevato nei casi in cui:
- non è valorizzato e non è valorizzato il campo <Denominazione> precedente
- è valorizzato ma lo è pure il campo <Denominazione> precedente"
FatturaElettronicaHeader,1.4.1.3.3,Cognome,FatturaElettronicaHeader,xs:normalizedString,Cognome della persona fisica. Da valorizzare insieme all'elemento informativo 1.4.1.3.2 <Nome> ed in alternativa all'elemento informativo 1.4.1.3.1 <Denominazione>,formato alfanumerico,<0.1>,1 … 60,,"00200: file non conforme al formato (l'errore viene rilevato nei casi in cui:
- non è valorizzato e non è valorizzato il campo <Denominazione> precedente
- è valorizzato ma lo è pure il campo <Denominazione> precedente"
FatturaElettronicaHeader,1.4.1.3.4,Titolo,FatturaElettronicaHeader,xs:normalizedString,Titolo onorifico,formato alfanumerico,<0.1>,2 … 10,,
FatturaElettronicaHeader,1.4.1.3.5,CodEORI,FatturaElettronicaHeader,xs:string,Numero del Codice EORI (Economic Operator Registration and Identification)  in base al Regolamento (CE) n. 312 del 16 aprile 2009. In vigore dal 1 luglio 2009,formato alfanumerico,<0.1>,13 … 17,,
FatturaElettronicaHeader,1.4.2,Sede,FatturaElettronicaHeader,,"Blocco contenente i dati della sede del cessionario / committente (nel caso di somministrazione di servizi quali energia elettrica, gas … , i dati possono fare riferimento all'ubicazione dell'utenza, ex DM 370/2000).",,<1.1>,,,
FatturaElettronicaHeader,1.4.2.1,Indirizzo,FatturaElettronicaHeader,xs:normalizedString,"Indirizzo della sede del cessionario / committente (nome della via, piazza etc.)",formato alfanumerico,<1.1>,1 … 60,,
FatturaElettronicaHeader,1.4.2.2,NumeroCivico,FatturaElettronicaHeader,xs:normalizedString,Numero civico riferito all'indirizzo (non indicare se già presente nell'elemento informativo indirizzo),formato alfanumerico,<0.1>,1 … 8,,
FatturaElettronicaHeader,1.4.2.3,CAP,FatturaElettronicaHeader,xs:string,Codice Avviamento Postale,formato numerico,<1.1>,5,,
FatturaElettronicaHeader,1.4.2.4,Comune,FatturaElettronicaHeader,xs:normalizedString,Comune relativo alla stabile organizzazione in Italia,formato alfanumerico,<1.1>,1 … 60,,
FatturaElettronicaHeader,1.4.2.5,Provincia,FatturaElettronicaHeader,xs:string,"Sigla della provincia di appartenenza del comune indicato nell'elemento informativo 1.4.2.4 <Comune>. Da valorizzare se l'elemento informativo 1.4.2,6 <Nazione> è uguale a IT","[RM], [MI], […]",<0.1>,2,,
FatturaElettronicaHeader,1.4.2.6,Nazione,FatturaElettronicaHeader,xs:string,Codice della nazione espresso secondo lo standard ISO 3166-1 alpha-2 code,"[IT], [ES], [DK],[…]",<1.1>,2,,
FatturaElettronicaHeader,1.4.3,StabileOrganizzazione,FatturaElettronicaHeader,,"Blocco da valorizzare se e solo se l'elemento informativo 1.1.3 <FormatoTrasmissione> = ""FPR12"" (fattura tra privati), nel caso di cessionario/committente non residente e con stabile organizzazione in Italia",,<0.1>,,,
FatturaElettronicaHeader,1.4.3.1,Indirizzo,FatturaElettronicaHeader,xs:normalizedString,"Indirizzo della sede del cessionario / committente (nome della via, piazza etc.)",formato alfanumerico,<1.1>,1 … 60,,
FatturaElettronicaHeader,1.4.3.2,NumeroCivico,FatturaElettronicaHeader,xs:normalizedString,Numero civico riferito all'indirizzo (non indicare se già presente nell'elemento informativo indirizzo),formato alfanumerico,<0.1>,1 … 8,,
FatturaElettronicaHeader,1.4.3.3,CAP,FatturaElettronicaHeader,xs:string,Codice Avviamento Postale,formato numerico,<1.1>,5,,
FatturaElettronicaHeader,1.4.3.4,Comune,FatturaElettronicaHeader,xs:normalizedString,Comune relativo alla stabile organizzazione in Italia,formato alfanumerico,<1.1>,1 … 60,,
FatturaElettronicaHeader,1.4.3.5,Provincia,FatturaElettronicaHeader,xs:string,"Sigla della provincia di appartenenza del comune indicato nell'elemento informativo 1.4.3.4 <Comune>. Da valorizzare se l'elemento informativo 1.4,3.6 <Nazione> è uguale a IT","[RM], [MI], […]",<0.1>,2,,
FatturaElettronicaHeader,1.4.3.6,Nazione,FatturaElettronicaHeader,xs:string,Codice della nazione espresso secondo lo standard ISO 3166-1 alpha-2 code,"[IT], [ES], [DK],[…]",<1.1>,2,,
FatturaElettronicaHeader,1.4.4,RappresentanteFiscale,FatturaElettronicaHeader,,"Blocco da valorizzare se e solo se l'elemento informativo 1.1.3 <FormatoTrasmissione> = ""FPR12"" (fattura tra privati), nel caso di cessionario/committente che si avvale di rappresentante fiscale in Italia",,<0.1>,,,
FatturaElettronicaHeader,1.4.4.1,IdFiscaleIVA,FatturaElettronicaHeader,,"Numero di identificazione fiscale ai fini IVA; i primi due caratteri rappresentano il paese ( IT, DE, ES …..) ed i restanti (fino ad un massimo di 28) il codice vero e proprio che, per i residenti in Italia, corrisponde al numero di partita IVA.",,<1.1>,,,
FatturaElettronicaHeader,1.4.4.1.1,IdPaese,FatturaElettronicaHeader,xs:string,Codice della nazione espresso secondo lo standard ISO 3166-1 alpha-2 code,"[IT], [ES], [DK],[…]",<1.1>,2,,
FatturaElettronicaHeader,1.4.4.1.2,IdCodice,FatturaElettronicaHeader,xs:string,Codice identificativo fiscale,formato alfanumerico,<1.1>,1 … 28,"Se l'elemento informativo 1.4.4.1.1 <IdPaese> vale ""IT"", viene verificato che la Partita IVA sia censita in Anagrafe Tributaria",00303: 1.3.1.1.2 <IdCodice> o 1.4.4.1.2 <IdCodice> non valido
FatturaElettronicaHeader,1.4.4.2,Denominazione,FatturaElettronicaHeader,xs:normalizedString,"Ditta, denominazione o ragione sociale (ditta, impresa, società, ente), da valorizzare in alternativa agli elementi informativi 1.4.4.3 <Nome>  e 1.4.4.4 <Cognome>",formato alfanumerico,<0.1>,1 … 80,,"00200: file non conforme al formato (l'errore viene rilevato nei casi in cui:
- non è valorizzato e non sono valorizzati i campi <Nome> e <Cognome> seguenti
- è valorizzato ma lo sono pure i campi <Nome> e/o <Cognome> seguenti)
"
FatturaElettronicaHeader,1.4.4.3,Nome,FatturaElettronicaHeader,xs:normalizedString,Nome della persona fisica. Da valorizzare insieme all'elemento informativo 1.4.4.4 <Cognome> ed in alternativa all'elemento informativo 1.4.4.2 <Denominazione>,formato alfanumerico,<0.1>,1 … 60,,"00200: file non conforme al formato (l'errore viene rilevato nei casi in cui:
- non è valorizzato e non è valorizzato il campo <Denominazione> precedente
- è valorizzato ma lo è pure il campo <Denominazione> precedente"
FatturaElettronicaHeader,1.4.4.4,Cognome,FatturaElettronicaHeader,xs:normalizedString,Cognome della persona fisica. Da valorizzare insieme all'elemento informativo 1.4.4.3 <Nome> ed in alternativa all'elemento informativo 1.4.4.2 <Denominazione>,formato alfanumerico,<0.1>,1 … 60,,"00200: file non conforme al formato (l'errore viene rilevato nei casi in cui:
- non è valorizzato e non è valorizzato il campo <Denominazione> precedente
- è valorizzato ma lo è pure il campo <Denominazione> precedente"
FatturaElettronicaHeader,1.5,TerzoIntermediarioOSoggettoEmittente,FatturaElettronicaHeader,,Dati relativi al soggetto terzo che emette fattura per conto del cedente / prestatore,,<0.1>,,,
FatturaElettronicaHeader,1.5.1,DatiAnagrafici,FatturaElettronicaHeader,,Blocco contenente i dati fiscali e anagrafici del terzo intermediario,,<1.1>,,,
FatturaElettronicaHeader,1.5.1.1,IdFiscaleIVA,FatturaElettronicaHeader,,"Numero di identificazione fiscale ai fini IVA; i primi due caratteri rappresentano il paese ( IT, DE, ES …..) ed i restanti (fino ad un massimo di 28) il codice vero e proprio che, per i residenti in Italia, corrisponde al numero di partita IVA.",,<0.1>,,,
FatturaElettronicaHeader,1.5.1.1.1,IdPaese,FatturaElettronicaHeader,xs:string,Codice della nazione espresso secondo lo standard ISO 3166-1 alpha-2 code,"[IT], [ES], [DK],[…]",<1.1>,2,,
FatturaElettronicaHeader,1.5.1.1.2,IdCodice,FatturaElettronicaHeader,xs:string,Codice identificativo fiscale,formato alfanumerico,<1.1>,1 … 28,,
FatturaElettronicaHeader,1.5.1.2,CodiceFiscale,FatturaElettronicaHeader,xs:string,Numero di Codice Fiscale,formato alfanumerico,<0.1>,11 … 16,,
FatturaElettronicaHeader,1.5.1.3,Anagrafica,FatturaElettronicaHeader,,Dati anagrafici identificativi del terzo intermediario,,<1.1>,,,
FatturaElettronicaHeader,1.5.1.3.1,Denominazione,FatturaElettronicaHeader,xs:normalizedString,"Ditta, denominazione o ragione sociale (ditta, impresa, società, ente), da valorizzare in alternativa agli elementi informativi 1.5.1.3.2 <Nome> e 1.5.1.3.3 <Cognome>",formato alfanumerico,<0.1>,1 … 80,,"00200: file non conforme al formato (l'errore viene rilevato nei casi in cui:
- non è valorizzato e non sono valorizzati i campi <Nome> e <Cognome> seguenti
- è valorizzato ma lo sono pure i campi <Nome> e/o <Cognome> seguenti)
"
FatturaElettronicaHeader,1.5.1.3.2,Nome,FatturaElettronicaHeader,xs:normalizedString,Nome della persona fisica. Da valorizzare insieme all'elemento informativo 1.5.1.3.3 <Cognome> ed in alternativa all'elemento informativo 1.5.1.3.1 <Denominazione>,formato alfanumerico,<0.1>,1 … 60,,"00200: file non conforme al formato (l'errore viene rilevato nei casi in cui:
- non è valorizzato e non è valorizzato il campo <Denominazione> precedente
- è valorizzato ma lo è pure il campo <Denominazione> precedente"
FatturaElettronicaHeader,1.5.1.3.3,Cognome,FatturaElettronicaHeader,xs:normalizedString,Cognome della persona fisica. Da valorizzare insieme all'elemento informativo 1.5.1.3.2 <Nome> ed in alternativa all'elemento informativo 1.5.1.3.1 <Denominazione>,formato alfanumerico,<0.1>,1 … 60,,"00200: file non conforme al formato (l'errore viene rilevato nei casi in cui:
- non è valorizzato e non è valorizzato il campo <Denominazione> precedente
- è valorizzato ma lo è pure il campo <Denominazione> precedente"
FatturaElettronicaHeader,1.5.1.3.4,Titolo,FatturaElettronicaHeader,xs:normalizedString,Titolo onorifico,formato alfanumerico,<0.1>,2 … 10,,
FatturaElettronicaHeader,1.5.1.3.5,CodEORI,FatturaElettronicaHeader,xs:string,Numero del Codice EORI (Economic Operator Registration and Identification)  in base al Regolamento (CE) n. 312 del 16 aprile 2009. In vigore dal 1 luglio 2009,formato alfanumerico,<0.1>,13 … 17,,
FatturaElettronicaHeader,1.6,SoggettoEmittente,FatturaElettronicaHeader,xs:string,Da valorizzare in tutti i casi in cui la fattura è emessa da un soggetto diverso dal cedente/prestatore; indica se la fattura è emessa dal cessionario/committente oppure da un terzo per conto del cedente/prestatore,"valori ammessi:
[CC]: cessionario / committente
[TZ]: terzo.",<0.1>,2,,
FatturaElettronicaBody,2,FatturaElettronicaBody,FatturaElettronicaBody,,"Il blocco ha molteplicità pari a 1 nel caso di fattura singola; nel caso di lotto di fatture, si ripete per ogni fattura componente il lotto stesso",,<1.N>,,,
FatturaElettronicaBody,2.1,DatiGenerali,FatturaElettronicaBody,,Blocco sempre obbligatorio contenente i dati generali della fattura e quelli degli eventuali documenti correlati,,<1.1>,,,
FatturaElettronicaBody,2.1.1,DatiGeneraliDocumento,FatturaElettronicaBody,,Blocco sempre obbligatorio contenente i dati generali della fattura,,<1.1>,,,
FatturaElettronicaBody,2.1.1.1,TipoDocumento,FatturaElettronicaBody,xs:string,Ttipologia di documento,"valori ammessi:
vedi codifiche in calce al documento",<1.1>,4,,
FatturaElettronicaBody,2.1.1.2,Divisa,FatturaElettronicaBody,xs:string,Codice (espresso secondo lo standard ISO 4217 alpha-3:2001) della valuta utilizzata per l'indicazione degli importi,"il codice deve essere compreso tra quelli consentiti dallo standard ISO 4217 alpha-3:201, ad esempio: [EUR], [USD], [GBP], [CZK], [...]",<1.1>,3,,
FatturaElettronicaBody,2.1.1.3,Data,FatturaElettronicaBody,xs:date,Data del documento (secondo il formato ISO 8601:2004),"formato ISO 8601:2004, con la  precisione seguente:   YYYY-MM-DD",<1.1>,10,"Viene controllato che non sia successiva alla data in cui il file è stato ricevuto dal Sistema di Interscambio.
Inoltre, se l'elemento informativo 2.1.1.1 <TipoDocumento> vale ""TD04"", viene controllato che non sia antecedente a quella presente nell'elemento informativo 2.1.6.3 <Data>","00403: 2.1.1.3 <Data> successiva alla data di ricezione
00418: 2.1.1.3 <Data> antecedente a 2.1.6.3 <Data>
"
FatturaElettronicaBody,2.1.1.4,Numero,FatturaElettronicaBody,xs:normalizedString,"Numero della fattura (art. 21, comma 2, lettera b DPR 633/1972)",formato alfanumerico,<1.1>,1 … 20,Viene controllato che contenga almeno un carattere numerico,00425: 2.1.1.4 <Numero> non contenente caratteri numerici
FatturaElettronicaBody,2.1.1.5,DatiRitenuta,FatturaElettronicaBody,,Blocco dati relativi alla ritenuta,,<0.1>,,Viene controllata la presenza di questo blocco in presenza di almeno un blocco 2.2.1 <DettaglioLinee> con l'elemento 2.2.1.13 <Ritenuta> uguale a 'SI'   e/o  di un blocco 2.1.1.7 <DatiCassaPrevidenziale> con l'elemento 2.1.1.7.6 <Ritenuta> uguale a 'SI',"00411: 2.1.1.5 <DatiRitenuta> non presente a fronte di almeno un blocco 2.2.1 <DettaglioLinee> con 2.2.1.13 <Ritenuta> uguale a SI
00415:  2.1.1.5 <DatiRitenuta> non presente a fronte di 2.1.1.7.6 <Ritenuta> uguale a SI"
FatturaElettronicaBody,2.1.1.5.1,TipoRitenuta,FatturaElettronicaBody,xs:string,Tipologia della ritenuta,"valori ammessi:
[RT01]: ritenuta pers. fisiche
[RT02]: ritenuta pers. giurid.",<1.1>,4,,
FatturaElettronicaBody,2.1.1.5.2,ImportoRitenuta,FatturaElettronicaBody,xs:decimal,Importo della ritenuta,formato numerico; i decimali vanno separati dall'intero con il carattere  '.' (punto),<1.1>,4 … 15,,
FatturaElettronicaBody,2.1.1.5.3,AliquotaRitenuta,FatturaElettronicaBody,xs:decimal,Aliquota (%) della ritenuta,formato numerico; i decimali vanno separati dall'intero con il carattere  '.' (punto),<1.1>,4 … 6,,
FatturaElettronicaBody,2.1.1.5.4,CausalePagamento,FatturaElettronicaBody,xs:string,Causale del pagamento (quella del modello 770),"valori ammessi:
codifiche come da Mod. 770S",<1.1>,1 … 2,,
FatturaElettronicaBody,2.1.1.6,DatiBollo,FatturaElettronicaBody,,Blocco dati relativi al bollo,,<0.1>,,,
FatturaElettronicaBody,2.1.1.6.1,BolloVirtuale,FatturaElettronicaBody,xs:string,Bollo assolto ai sensi del decreto MEF 17 giugno 2014 (art. 6),"valore ammesso
[SI]",<1.1>,2,,
FatturaElettronicaBody,2.1.1.6.2,ImportoBollo,FatturaElettronicaBody,xs:decimal,Importo del bollo,formato numerico; i decimali vanno separati dall'intero con il carattere  '.' (punto),<1.1>,4 … 15,,
FatturaElettronicaBody,2.1.1.7,DatiCassaPrevidenziale,FatturaElettronicaBody_DatiCassaPrevidenziale,,Blocco dati relativi alla cassa professionale di appartenenza,,<0.N>,,,
FatturaElettronicaBody,2.1.1.7.1,TipoCassa,FatturaElettronicaBody_DatiCassaPrevidenziale,xs:string,Tipologia cassa previdenziale di appartenenza,"valori ammessi:
vedi codifiche in calce al documento",<1.1>,4,,
FatturaElettronicaBody,2.1.1.7.2,AlCassa,FatturaElettronicaBody_DatiCassaPrevidenziale,xs:decimal,"Aliquota (%) del contributo, se previsto, per la cassa di appartenenza",formato numerico; i decimali vanno separati dall'intero con il carattere  '.' (punto),<1.1>,4 … 6,,
FatturaElettronicaBody,2.1.1.7.3,ImportoContributoCassa,FatturaElettronicaBody_DatiCassaPrevidenziale,xs:decimal,Importo del contributo per la cassa di appartenenza,formato numerico; i decimali vanno separati dall'intero con il carattere  '.' (punto),<1.1>,4 … 15,,
FatturaElettronicaBody,2.1.1.7.4,ImponibileCassa,FatturaElettronicaBody_DatiCassaPrevidenziale,xs:decimal,Importo sul quale applicare il contributo cassa previdenziale,formato numerico; i decimali vanno separati dall'intero con il carattere  '.' (punto),<0.1>,4 … 15,,
FatturaElettronicaBody,2.1.1.7.5,AliquotaIVA,FatturaElettronicaBody_DatiCassaPrevidenziale,xs:decimal,Aliquota (%) IVA applicata,formato numerico; i decimali vanno separati dall'intero con il carattere  '.' (punto),<1.1>,4 … 6,"Viene controllato che il valore sia espresso in termini percentuali (es.: ""22.00"" e non ""0.22"")",00424:  2.2.1.12 <AliquotaIVA> o 2.2.2.1< AliquotaIVA> o 2.1.1.7.5 <AliquotaIVA> non indicata in termini percentuali
FatturaElettronicaBody,2.1.1.7.6,Ritenuta,FatturaElettronicaBody_DatiCassaPrevidenziale,xs:string,Indica se il contributo cassa è soggetto a ritenuta,"valore ammesso:
[SI]: contributo cassa soggetto a ritenuta",<0.1>,2,"Se è valorizzato a ""SI"", viene controllato che esista il blocco  2.1.1.5 <DatiRitenuta>",00415:  2.1.1.5 <DatiRitenuta> non presente a fronte di 2.1.1.7.6 <Ritenuta> uguale a SI
FatturaElettronicaBody,2.1.1.7.7,Natura,FatturaElettronicaBody_DatiCassaPrevidenziale,xs:string,Nei casi di AliquotaIVA (elemento informativo 2.1.1.7.5 <AliquotaIVA>) pari a zero,"valori ammessi:
vedi codifiche in calce al documento",<0.1>,2,"Viene controllato che sia valorizzato, se l'elemento informativo 2.1.1.7.5 <AliquotaIVA> è pari a ""0.00"", e che non sia valorizzato, se l'elemento informativo 2.1.1.7.5 <AliquotaIVA> è diverso da ""0.00""","00413:  2.1.1.7.7 <Natura> non presente a fronte di 2.1.1.7.5 <AliquotaIVA> pari a zero
00414: 2.1.1.7.7 <Natura> presente a fronte di 2.1.1.7.5 <Aliquota IVA> diversa da zero"
FatturaElettronicaBody,2.1.1.7.8,RiferimentoAmministrazione,FatturaElettronicaBody_DatiCassaPrevidenziale,xs:normalizedString,Codice identificativo ai fini amministrativo-contabili,formato alfanumerico,<0.1>,1 … 20,,
FatturaElettronicaBody,2.1.1.8,ScontoMaggiorazione,FatturaElettronicaBody_ScontoMaggiorazione,,Eventuale sconto o maggiorazione applicati sul totale documento (la molteplicità N del blocco consente di gestire la presenza di più sconti o più maggiorazioni a 'cascata'),,<0.N>,,,
FatturaElettronicaBody,2.1.1.8.1,Tipo,FatturaElettronicaBody_ScontoMaggiorazione,xs:string,Indica se trattasi di sconto o di maggiorazione,"valori ammessi:
[SC]: sconto
[MG]: maggiorazione",<1.1>,2,"Se valorizzato, viene controllato che esista almeno uno dei due elementi 2.1.1.8.2 <Percentuale> e 2.1.1.8.3 <Importo>",00437:  2.1.1.8.2 <Percentuale>  e  2.1.1.8.3 <Importo> non presenti a fronte di 2.1.1.8.1 <Tipo> valorizzato
FatturaElettronicaBody,2.1.1.8.2,Percentuale,FatturaElettronicaBody_ScontoMaggiorazione,xs:decimal,Percentuale di sconto o di maggiorazione,formato numerico; i decimali vanno separati dall'intero con il carattere  '.' (punto),<0.1>,4 … 6,,
FatturaElettronicaBody,2.1.1.8.3,Importo,FatturaElettronicaBody_ScontoMaggiorazione,xs:decimal,Importo dello sconto o della maggiorazione,formato numerico; i decimali vanno separati dall'intero con il carattere  '.' (punto),<0.1>,4 … 15,,
FatturaElettronicaBody,2.1.1.9,ImportoTotaleDocumento,FatturaElettronicaBody,xs:decimal,Importo totale del documento al netto dell'eventuale sconto e comprensivo di imposta a debito del cessionario / committente,formato numerico; i decimali vanno separati dall'intero con il carattere  '.' (punto),<0.1>,4 … 15,,
FatturaElettronicaBody,2.1.1.10,Arrotondamento,FatturaElettronicaBody,xs:decimal,Eventuale arrotondamento sul totale documento (ammette anche il segno negativo),formato numerico; i decimali vanno separati dall'intero con il carattere  '.' (punto),<0.1>,4 … 15,,
FatturaElettronicaBody,2.1.1.11,Causale,FatturaElettronicaBody_Causale,xs:normalizedString,Descrizione della causale del documento,formato alfanumerico,<0.N>,1 … 200,,
FatturaElettronicaBody,2.1.1.12,Art73,FatturaElettronicaBody,xs:string,Indica se il documento è stato emesso secondo modalità e termini stabiliti con decreto ministeriale ai sensi dell'articolo 73 del DPR 633/72 (ciò consente al cedente/prestatore l'emissione nello stesso anno di più documenti aventi stesso numero),"valore ammesso:
[SI]: documento emesso secondo modalità e termini stabiliti con DM ai sensi dell'art. 73 DPR 633/72",<0.1>,2,,
FatturaElettronicaBody,2.1.2,DatiOrdineAcquisto,FatturaElettronicaBody_DocumentoEsterno,,Blocco contenente le informazioni relative all'ordine di acquisto,,<0.N>,,,
FatturaElettronicaBody,2.1.2.1,RiferimentoNumeroLinea,FatturaElettronicaBody_DocumentoEsterno_RiferimentoNumeroLinea,xs:integer,"Linea di dettaglio della fattura a cui si fa riferimento (se il riferimento è all'intera fattura, non viene valorizzato)  (vedi elemento informativo 2.2.1.1)",formato numerico,<0.N>,1 … 4 ,,
FatturaElettronicaBody,2.1.2.2,IdDocumento,FatturaElettronicaBody_DocumentoEsterno,xs:normalizedString,Numero del documento,formato alfanumerico,<1.1>,1 … 20,,
FatturaElettronicaBody,2.1.2.3,Data,FatturaElettronicaBody_DocumentoEsterno,xs:date,Data del documento (secondo il formato ISO 8601:2004),"formato ISO 8601:2004, con la  precisione seguente:  YYYY-MM-DD",<0.1>,10,,
FatturaElettronicaBody,2.1.2.4,NumItem,FatturaElettronicaBody_DocumentoEsterno,xs:normalizedString,"Identificativo della singola voce all'interno del documento  (ad esempio, nel caso di ordine di acquisto, è  il numero della linea dell'ordine di acquisto, oppure, nel caso di contratto, è il numero della linea del contratto, etc. )",formato alfanumerico,<0.1>,1 … 20,,
FatturaElettronicaBody,2.1.2.5,CodiceCommessaConvenzione,FatturaElettronicaBody_DocumentoEsterno,xs:normalizedString,Codice della commessa o della convenzione,formato alfanumerico,<0.1>,1 … 100,,
FatturaElettronicaBody,2.1.2.6,CodiceCUP,FatturaElettronicaBody_DocumentoEsterno,xs:normalizedString,Rappresenta il codice gestito dal CIPE che caratterizza ogni progetto di investimento pubblico (Codice Unitario Progetto),formato alfanumerico,<0.1>,1 … 15,,
FatturaElettronicaBody,2.1.2.7,CodiceCIG,FatturaElettronicaBody_DocumentoEsterno,xs:normalizedString,Rappresenta il Codice Identificativo della Gara,formato alfanumerico,<0.1>,1 … 15,,
FatturaElettronicaBody,2.1.3,DatiContratto,FatturaElettronicaBody_DocumentoEsterno*,,Blocco contenente le informazioni relative al contratto; contiene gli stessi elementi informativi previsti per il blocco 2.1.2,,<0.N>,,,
FatturaElettronicaBody,2.1.4,DatiConvenzione,FatturaElettronicaBody_DocumentoEsterno*,,Blocco contenente le informazioni relative alla convenzione; contiene gli stessi elementi informativi previsti per il blocco 2.1.2,,<0.N>,,,
FatturaElettronicaBody,2.1.5,DatiRicezione,FatturaElettronicaBody_DocumentoEsterno*,,Blocco contenente le informazioni relative ai dati presenti sul sistema gestionale in uso presso la PA  (Agenzie Fiscali) riguardanti la fase di ricezione; contiene gli stessi elementi informativi previsti per il blocco 2.1.2,,<0.N>,,,
FatturaElettronicaBody,2.1.6,DatiFattureCollegate,FatturaElettronicaBody_DocumentoEsterno*,,Blocco contenente le informazioni relative alle fatture precedentemente trasmesse e alle quali si collega il documento presente; riguarda i casi di invio di nota di credito e/o di fatture di conguaglio a fronte di precedenti fatture di acconto; contiene gli stessi elementi informativi previsti per il blocco 2.1.2,,<0.N>,,,
FatturaElettronicaBody,2.1.7,DatiSAL,FatturaElettronicaBody_DatiSAL,,Blocco da valorizzare nei casi di fattura per stato di avanzamento,,<0.N>,,,
FatturaElettronicaBody,2.1.7.1,RiferimentoFase,FatturaElettronicaBody_DatiSAL,xs:integer,Fase dello stato di avanzamento cui il documento si riferisce,formato numerico,<1.1>,1 … 3,,
FatturaElettronicaBody,2.1.8,DatiDDT,FatturaElettronicaBody_DatiDDT,,"Blocco da valorizzare nei casi di fattura ""differita"" per indicare il documento con cui è stato consegnato il bene (gli elementi informativi del blocco possono essere ripetuti se la fattura fa riferimento a più consegne e quindi a più documenti di trasporto)",,<0.N>,,,
FatturaElettronicaBody,2.1.8.1,NumeroDDT,FatturaElettronicaBody_DatiDDT,xs:normalizedString,Numero del documento di trasporto,formato alfanumerico,<1.1>,1 … 20,,
FatturaElettronicaBody,2.1.8.2,DataDDT,FatturaElettronicaBody_DatiDDT,xs:date,Data del documento di trasporto (secondo il formato ISO 8601:2004),"formato ISO 8601:2004, con la  precisione seguente:   YYYY-MM-DD",<1.1>,10,,
FatturaElettronicaBody,2.1.8.3,RiferimentoNumeroLinea,FatturaElettronicaBody_DatiDDT_RiferimentoNumeroLinea,xs:integer,Linea di dettaglio della fattura cui si riferisce il DDT  (non viene valorizzato  se il riferimento è all'intera fattura) (vedi elemento informativo 2.2.1.1 <NumeroLinea>),formato numerico,<0.N>,1 … 4,,
FatturaElettronicaBody,2.1.9,DatiTrasporto,FatturaElettronicaBody,,"Blocco valorizzabile nei casi di fattura ""accompagnatoria"" per inserire informazioni relative al trasporto",,<0.1>,,,
FatturaElettronicaBody,2.1.9.1,DatiAnagraficiVettore,FatturaElettronicaBody,,Blocco contenente i dati fiscali e anagrafici del vettore,,<0.1>,,,
FatturaElettronicaBody,2.1.9.1.1,IdFiscaleIVA,FatturaElettronicaBody,,"Numero di identificazione fiscale ai fini IVA; i primi due caratteri rappresentano il paese ( IT, DE, ES …..) ed i restanti (fino ad un massimo di 28) il codice vero e proprio che, per i residenti in Italia, corrisponde al numero di partita IVA.",,<1.1>,,,
FatturaElettronicaBody,2.1.9.1.1.1,IdPaese,FatturaElettronicaBody,xs:string,Codice della nazione espresso secondo lo standard ISO 3166-1 alpha-2 code,"[IT], [ES], [DK],[…]",<1.1>,2,,
FatturaElettronicaBody,2.1.9.1.1.2,IdCodice,FatturaElettronicaBody,xs:string,Codice identificativo fiscale,formato alfanumerico,<1.1>,1 … 28,,
FatturaElettronicaBody,2.1.9.1.2,CodiceFiscale,FatturaElettronicaBody,xs:string,Numero di Codice Fiscale,formato alfanumerico,<0.1>,11 … 16,,
FatturaElettronicaBody,2.1.9.1.3,Anagrafica,FatturaElettronicaBody,,Dati anagrafici identificativi del vettore,,<1.1>,,,
FatturaElettronicaBody,2.1.9.1.3.1,Denominazione,FatturaElettronicaBody,xs:normalizedString,"Ditta, denominazione o ragione sociale (ditta, impresa, società, ente), da valorizzare in alternativa agli elementi informativi 2.1.9.1.3.2 <Nome> e 2.1.9.1.3.3 <Cognome>",formato alfanumerico,<0.1>,1 … 80,,"00200: file non conforme al formato (l'errore viene rilevato nei casi in cui:
- non è valorizzato e non sono valorizzati i campi <Nome> e <Cognome> seguenti
- è valorizzato ma lo sono pure i campi <Nome> e/o <Cognome> seguenti)"
FatturaElettronicaBody,2.1.9.1.3.2,Nome,FatturaElettronicaBody,xs:normalizedString,Nome della persona fisica. Da valorizzare insieme all'elemento informativo 2.1.9.1.3.3 <Cognome> ed in alternativa all'elemento informativo 2.1.9.1.3.1 <Denominazione>,formato alfanumerico,<0.1>,1 … 60,,"00200: file non conforme al formato (l'errore viene rilevato nei casi in cui:
- non è valorizzato e non è valorizzato il campo <Denominazione> precedente
- è valorizzato ma lo è pure il campo <Denominazione> precedente"
FatturaElettronicaBody,2.1.9.1.3.3,Cognome,FatturaElettronicaBody,xs:normalizedString,Cognome della persona fisica. Da valorizzare insieme all'elemento informativo 2.1.9.1.3.2 <Nome> ed in alternativa all'elemento informativo 2.1.9.1.3.1 <Denominazione>,formato alfanumerico,<0.1>,1 … 60,,"00200: file non conforme al formato (l'errore viene rilevato nei casi in cui:
- non è valorizzato e non è valorizzato il campo <Denominazione> precedente
- è valorizzato ma lo è pure il campo <Denominazione> precedente"
FatturaElettronicaBody,2.1.9.1.3.4,Titolo,FatturaElettronicaBody,xs:normalizedString,Titolo onorifico,formato alfanumerico,<0.1>,2 … 10,,
FatturaElettronicaBody,2.1.9.1.3.5,CodEORI,FatturaElettronicaBody,xs:string,Numero del Codice EORI (Economic Operator Registration and Identification)  in base al Regolamento (CE) n. 312 del 16 aprile 2009. In vigore dal 1 luglio 2009,formato alfanumerico,<0.1>,13 … 17,,
FatturaElettronicaBody,2.1.9.1.4,NumeroLicenzaGuida,FatturaElettronicaBody,xs:normalizedString,Numero identificativo della licenza di guida (es. numero patente),formato alfanumerico,<0.1>,1 … 20,,
FatturaElettronicaBody,2.1.9.2,MezzoTrasporto,FatturaElettronicaBody,xs:normalizedString,Mezzo utilizzato per il trasporto,formato alfanumerico,<0.1>,1 … 80,,
FatturaElettronicaBody,2.1.9.3,CausaleTrasporto,FatturaElettronicaBody,xs:normalizedString,Causale del trasporto,formato alfanumerico,<0.1>,1 … 100,,
FatturaElettronicaBody,2.1.9.4,NumeroColli,FatturaElettronicaBody,xs:integer,Numero dei colli trasportati,formato numerico,<0.1>,1 … 4,,
FatturaElettronicaBody,2.1.9.5,Descrizione,FatturaElettronicaBody,xs:normalizedString,"Descrizione (natura, qualità, aspetto …) relativa ai colli trasportati",formato alfanumerico,<0.1>,1 … 100,,
FatturaElettronicaBody,2.1.9.6,UnitaMisuraPeso,FatturaElettronicaBody,xs:normalizedString,Unità di misura riferita al peso della merce,formato alfanumerico,<0.1>,1 … 10,,
FatturaElettronicaBody,2.1.9.7,PesoLordo,FatturaElettronicaBody,xs:decimal,Peso lordo della merce,formato numerico; i decimali vanno separati dall'intero con il carattere  '.' (punto),<0.1>,4 … 7,,
FatturaElettronicaBody,2.1.9.8,PesoNetto,FatturaElettronicaBody,xs:decimal,Peso netto della merce,formato numerico; i decimali vanno separati dall'intero con il carattere  '.' (punto),<0.1>,4 … 7,,
FatturaElettronicaBody,2.1.9.9,DataOraRitiro,FatturaElettronicaBody,xs:date,Data e ora del ritiro della merce (secondo il formato ISO 8601:2004),"formato ISO 8601:2004, con la  precisione seguente:   YYYY-MM-DDTHH:MM:SS",<0.1>,19,,
FatturaElettronicaBody,2.1.9.10,DataInizioTrasporto,FatturaElettronicaBody,xs:date,Data di inizio del trasporto (secondo il formato ISO 8601:2004),"formato ISO 8601:2004, con la  precisione seguente:   YYYY-MM-DD",<0.1>,10,,
FatturaElettronicaBody,2.1.9.11,TipoResa,FatturaElettronicaBody,xs:string,Codifica del termine di resa espresso secondo lo standard ICC-Camera di Commercio Internazionale (Incoterms),"[EXW], [CPT], […]",<0.1>,3,,
FatturaElettronicaBody,2.1.9.12,IndirizzoResa,FatturaElettronicaBody,,Dati dell'indirizzo di resa,,<0.1>,,,
FatturaElettronicaBody,2.1.9.12.1,Indirizzo,FatturaElettronicaBody,xs:normalizedString,"Indirizzo di resa (nome della via, piazza etc.)",formato alfanumerico,<1.1>,1 … 60,,
FatturaElettronicaBody,2.1.9.12.2,NumeroCivico,FatturaElettronicaBody,xs:normalizedString,Numero civico riferito all'indirizzo di resa (non indicare se già presente nell'elemento informativo Indirizzo),formato alfanumerico,<0.1>,1 … 8,,
FatturaElettronicaBody,2.1.9.12.3,CAP,FatturaElettronicaBody,xs:string,Codice Avviamento Postale dell'indirizzo di resa,formato numerico,<1.1>,5,,
FatturaElettronicaBody,2.1.9.12.4,Comune,FatturaElettronicaBody,xs:normalizedString,Comune ove ha sede l'indirizzo di resa,formato alfanumerico,<1.1>,1 … 60,,
FatturaElettronicaBody,2.1.9.12.5,Provincia,FatturaElettronicaBody,xs:string,Sigla della provincia di appartenenza del comune indicato nell'elemento informativo 2.1.9.12.4 <Comune>,"[RM], [MI], […]",<0.1>,2,,
FatturaElettronicaBody,2.1.9.12.6,Nazione,FatturaElettronicaBody,xs:string,Codice della nazione espresso secondo lo standard ISO 3166-1 alpha-2 code,"[IT], [ES], [DK],[…]",<1.1>,2,,
FatturaElettronicaBody,2.1.9.13,DataOraConsegna,FatturaElettronicaBody,xs:date,Data e ora della consegna della merce (secondo il formato ISO 8601:2004),"formato ISO 8601:2004, con la  precisione seguente:   YYYY-MM-DDTHH:MM:SS",<0.1>,19,,
FatturaElettronicaBody,2.1.10,FatturaPrincipale,FatturaElettronicaBody,,"Blocco da valorizzare nei casi di fatture per operazioni accessorie, emesse dagli 'autotrasportatori' per usufruire delle agevolazioni in materia di registrazione e pagamento dell' IVA",,<0.1>,,,
FatturaElettronicaBody,2.1.10.1,NumeroFatturaPrincipale,FatturaElettronicaBody,xs:string,"Numero della fattura relativa al trasporto di beni, da indicare sulle fatture emesse dagli autotrasportatori per certificare le operazioni accessorie",formato alfanumerico,<1.1>,1 … 20,,
FatturaElettronicaBody,2.1.10.2,DataFatturaPrincipale,FatturaElettronicaBody,xs:date,Data della fattura di cui all'elemento informativo 2.1.10.1 <NumeroFatturaPrincipale> (secondo il formato ISO 8601:2004),"formato ISO 8601:2004, con la  precisione seguente:   YYYY-MM-DD",<1.1>,10,,
FatturaElettronicaBody,2.2,DatiBeniServizi,FatturaElettronicaBody,,"Blocco sempre obbligatorio. Contiene natura, qualità, quantità e gli elementi necessari a determinare il valore dei beni e/o dei servizi formanti oggetto dell'operazione",,<1.1>,,,
FatturaElettronicaBody,2.2.1,DettaglioLinee,FatturaElettronicaBody_DettaglioLinee,,Blocco contenente le linee di dettaglio del documento (gli elementi informativi del blocco si ripetono per ogni riga di dettaglio).,,<1.N>,,,
FatturaElettronicaBody,2.2.1.1,NumeroLinea,FatturaElettronicaBody_DettaglioLinee,xs:integer,Numero della riga di dettaglio del documento,formato numerico,<1.1>,1 … 4,,
FatturaElettronicaBody,2.2.1.2,TipoCessionePrestazione,FatturaElettronicaBody_DettaglioLinee,xs:string,Da valorizzare nei soli casi in cui si voglia utilizzare la riga  per rappresentare uno sconto/premio/abbuono ovvero una spesa accessoria,"valori ammessi:
[SC]: sconto
[PR]: premio
[AB]: abbuono
[AC]: spesa accessoria",<0.1>,2,,
FatturaElettronicaBody,2.2.1.3,CodiceArticolo,FatturaElettronicaBody_DettaglioLinee_CodiceArticolo,xs:normalizedString,Eventuale codifica dell'articolo (la molteplicità N del blocco consente di gestire la presenza di più codifiche per la medesima riga),,<0.N>,,,
FatturaElettronicaBody,2.2.1.3.1,CodiceTipo,FatturaElettronicaBody_DettaglioLinee_CodiceArticolo,xs:normalizedString,"Indica la tipologia di codice articolo (per esempio, TARIC, CPV, EAN, SSC, ...)  ",formato alfanumerico,<1.1>,1 … 35,,
FatturaElettronicaBody,2.2.1.3.2,CodiceValore,FatturaElettronicaBody_DettaglioLinee_CodiceArticolo,xs:normalizedString,Indica il valore del codice articolo corrispondente alla tipologia riportata nell'elemento informativo 2.2.1.3.1 <CodiceTipo>,formato alfanumerico,<1.1>,1 … 35,,
FatturaElettronicaBody,2.2.1.4,Descrizione,FatturaElettronicaBody_DettaglioLinee,xs:normalizedString,"Natura e qualità dell'oggetto della cessione/prestazione; può fare anche riferimento a cessioni/prestazioni già oggetto di un precedente documento emesso a titolo di 'anticipo/acconto' , nel qual caso il valore dell'elemento informativo 2.2.1.9 PrezzoUnitario e 2.2.1.11 PrezzoTotale potranno essere valorizzati con segno negativo",formato alfanumerico,<1.1>,1 … 1000,,
FatturaElettronicaBody,2.2.1.5,Quantita,FatturaElettronicaBody_DettaglioLinee,xs:decimal,Numero di unità cedute / erogate,formato numerico; i decimali vanno separati dall'intero con il carattere  '.' (punto),<0.1>,4 … 21,,
FatturaElettronicaBody,2.2.1.6,UnitaMisura,FatturaElettronicaBody_DettaglioLinee,xs:normalizedString,Unità di misura riferita alla quantità,formato alfanumerico,<0.1>,1 … 10,,
FatturaElettronicaBody,2.2.1.7,DataInizioPeriodo,FatturaElettronicaBody_DettaglioLinee,xs:date,Data iniziale del periodo di riferimento cui si riferisce l'eventuale servizio prestato (secondo il formato ISO 8601:2004),"formato ISO 8601:2004, con la  precisione seguente:   YYYY-MM-DD",<0.1>,10,,
FatturaElettronicaBody,2.2.1.8,DataFinePeriodo,FatturaElettronicaBody_DettaglioLinee,xs:date,Data finale del periodo di riferimento cui si riferisce l'eventuale servizio prestato (secondo il formato ISO 8601:2004),"formato ISO 8601:2004, con la  precisione seguente:   YYYY-MM-DD",<0.1>,10,,
FatturaElettronicaBody,2.2.1.9,PrezzoUnitario,FatturaElettronicaBody_DettaglioLinee,xs:decimal,"Prezzo unitario del bene/servizio; nel caso di beni ceduti a titolo di sconto, premio o abbuono, l'importo indicato rappresenta il ""valore normale""",formato numerico; i decimali vanno separati dall'intero con il carattere  '.' (punto),<1.1>,4 … 21,,
FatturaElettronicaBody,2.2.1.10,ScontoMaggiorazione,FatturaElettronicaBody_DettaglioLinee_ScontoMaggiorazione,,Eventuale sconto o maggiorazione applicati al prezzo unitario (la molteplicità N del blocco consente di gestire la presenza di più sconti  o maggiorazioni a 'cascata'),,<0.N>,,,
FatturaElettronicaBody,2.2.1.10.1,Tipo,FatturaElettronicaBody_DettaglioLinee_ScontoMaggiorazione,xs:string,Indica se trattasi di sconto o di maggiorazione,"valori ammessi:
[SC]: sconto
[MG]: maggiorazione",<1.1>,2,"Se valorizzato, viene controllato che esista almeno uno dei due elementi 2.2.1.10.2 <Percentuale> e 2.2.1.10.3 <Importo>",00438:  2.2.1.10.2 <Percentuale>  e  2.2.1.10.3 <Importo> non presenti a fronte di 2.2.1.10.1 <Tipo> valorizzato
FatturaElettronicaBody,2.2.1.10.2,Percentuale,FatturaElettronicaBody_DettaglioLinee_ScontoMaggiorazione,xs:decimal,Percentuale di sconto o di maggiorazione,formato numerico; i decimali vanno separati dall'intero con il carattere  '.' (punto),<0.1>,4 … 6,,
FatturaElettronicaBody,2.2.1.10.3,Importo,FatturaElettronicaBody_DettaglioLinee_ScontoMaggiorazione,xs:decimal,Importo dello sconto o della maggiorazione,formato numerico; i decimali vanno separati dall'intero con il carattere  '.' (punto),<0.1>,4 … 15,,
FatturaElettronicaBody,2.2.1.11,PrezzoTotale,FatturaElettronicaBody_DettaglioLinee,xs:decimal,Importo totale del bene/servizio (che tiene conto di eventuali sconti / maggiorazioni applicati al prezzo unitario) IVA esclusa,formato numerico; i decimali vanno separati dall'intero con il carattere  '.' (punto),<1.1>,4 … 21,"Viene controllato il corretto calcolo dell'elemento informativo, secondo
l'algoritmo definito nelle specifiche tecniche (Elenco controlli
versione 1.2)",00423: 2.2.1.11 <PrezzoTotale> non calcolato secondo le regole definite nelle specifiche tecniche
FatturaElettronicaBody,2.2.1.12,AliquotaIVA,FatturaElettronicaBody_DettaglioLinee,xs:decimal,Aliquota (%) IVA applicata al bene/servizio,formato numerico; i decimali vanno separati dall'intero con il carattere  '.' (punto),<1.1>,4 … 6,"Viene controllato che il valore sia espresso in termini percentuali
(es.: ""22.00"" e non ""0.22"")",00424: 2.2.1.12 <AliquotaIVA> o 2.2.2.1< AliquotaIVA> o 2.1.1.7.5 <AliquotaIVA> non indicata in termini percentuali
FatturaElettronicaBody,2.2.1.13,Ritenuta,FatturaElettronicaBody_DettaglioLinee,xs:string,Da valorizzare solo in caso di cessione/prestazione soggetta a ritenuta di acconto,"valore ammesso:
[SI]: cessione / prestazione soggetta a ritenuta",<0.1>,2,"Se è valorizzato a ""SI"", viene controllato che esista il blocco 
2.1.1.5 <DatiRitenuta>",00411:  2.1.1.5 <DatiRitenuta> non presente a fronte di almeno un blocco 2.2.1 <DettaglioLinee> con 2.2.1.13 <Ritenuta> uguale a SI
FatturaElettronicaBody,2.2.1.14,Natura,FatturaElettronicaBody_DettaglioLinee,xs:string,L'elemento serve per indicare il motivo (Natura dell'operazione) per il quale l'emittente della fattura non indica aliquota IVA (l'elemento informativo 2.2.1.12 <AliquotaIVA> deve essere valorizzato a zero),"valori ammessi:
vedi codifiche in calce al documento",<0.1>,2,"Viene controllato che sia valorizzato, se l'elemento informativo
2.2.1.12 <AliquotaIVA> è pari a ""0.00"", e che non sia
valorizzato, se l'elemento informativo 2.2.1.12 <AliquotaIVA> è diverso
da ""0.00""","00400: 2.2.1.14 < Natura> non presente a fronte di 2.2.1.12 <AliquotaIVA> pari a zero
00401: 2.2.1.14 <Natura> presente a fronte di 2.2.1.12 <AliquotaIVA> diversa da zero"
FatturaElettronicaBody,2.2.1.15,RiferimentoAmministrazione,FatturaElettronicaBody_DettaglioLinee,xs:normalizedString,Codice identificativo ai fini amministrativo-contabili,formato alfanumerico,<0.1>,1 … 20,,
FatturaElettronicaBody,2.2.1.16,AltriDatiGestionali,FatturaElettronicaBody_DettaglioLinee_AltriDatiGestionali,,"Blocco che consente di agli utenti di inserire, con riferimento ad una linea di dettaglio, informazioni utili ai fini amministrativi, gestionali etc.",,<0.N>,,,
FatturaElettronicaBody,2.2.1.16.1,TipoDato,FatturaElettronicaBody_DettaglioLinee_AltriDatiGestionali,xs:normalizedString,Codice che identifica la tipologia di informazione,formato alfanumerico,<1.1>,1 … 10,,
FatturaElettronicaBody,2.2.1.16.2,RiferimentoTesto,FatturaElettronicaBody_DettaglioLinee_AltriDatiGestionali,xs:normalizedString,Elemento informativo in cui inserire un valore alfanumerico riferito alla tipologia di informazione di cui all'elemento informativo 2.2.1.16.1,formato alfanumerico,<0.1>,1 … 60,,
FatturaElettronicaBody,2.2.1.16.3,RiferimentoNumero,FatturaElettronicaBody_DettaglioLinee_AltriDatiGestionali,xs:decimal,Elemento informativo in cui inserire un valore numerico riferito alla tipologia di informazione di cui all'elemento informativo 2.2.1.16.1,formato numerico; i decimali vanno separati dall'intero con il carattere  '.' (punto),<0.1>,4 … 21,,
FatturaElettronicaBody,2.2.1.16.4,RiferimentoData,FatturaElettronicaBody_DettaglioLinee_AltriDatiGestionali,xs:normalizedString,Elemento informativo in cui inserire una data riferita alla tipologia di informazione di cui all'elemento informativo 2.2.1.16.1,"formato ISO 8601:2004, con la  precisione seguente:   YYYY-MM-DD",<0.1>,10,,
FatturaElettronicaBody,2.2.2,DatiRiepilogo,FatturaElettronicaBody_DettaglioLinee_DatiRiepilogo,,"Blocco obbligatorio, gli elementi informativi che lo compongono riepilogano le informazioni di dettaglio, aggregandole per aliquota IVA distinta oppure per aliquota IVA nulla e <Natura> distinta oppure, a parità di questi elementi, per valore distinto di <Esigbilità>",,<1.N>,,"Viene controllato che il numero di blocchi  2.2.2. <DatiRiepilogo>
sia maggiore o uguale al numero di aliquote IVA presenti nel
documento",00419: 2.2.2 <DatiRiepilogo> non presente in corrispondenza di almeno un valore di 2.1.1.7.5 <AliquotaIVA> o 2.2.1.12 <AliquotaIVA>
FatturaElettronicaBody,2.2.2.1,AliquotaIVA,FatturaElettronicaBody_DettaglioLinee_DatiRiepilogo,xs:decimal,Aliquota (%) IVA,formato numerico; i decimali vanno separati dall'intero con il carattere  '.' (punto),<1.1>,4 … 6,"Viene controllato che il valore sia espresso in termini percentuali
(es.: ""22.00"" e non ""0.22"")",00424: 2.2.1.12 <AliquotaIVA> o 2.2.2.1< AliquotaIVA> o 2.1.1.7.5 <AliquotaIVA> non indicata in termini percentuali
FatturaElettronicaBody,2.2.2.2,Natura,FatturaElettronicaBody_DettaglioLinee_DatiRiepilogo,xs:string,L'elemento serve per indicare il motivo (Natura dell'operazione) per il quale l'emittente della fattura non indica aliquota IVA ,"valori ammessi:
vedi codifiche in calce al documento",<0.1>,2,"Se è valorizzato a ""N6"", viene controllato che l'elemento informativo 2.2.2.7 <EsigibilitaIVA> non sia valorizzato a ""S""
Viene controllato che sia valorizzato, se l'elemento informativo 2.2.2.1 <AliquotaIVA> è pari a ""0.00"", e che non sia valorizzato, se l'elemento informativo 2.2.2.1 <AliquotaIVA> è diverso
da ""0.00""","00420: 2.2.2.2 <Natura> con valore N6 (inversione contabile) a fronte di 2.2.2.7 <EsigibilitaIVA> uguale a  S (scissione pagamenti)
00429: 2.2.2.2 < Natura> non presente a fronte di 2.2.2.1 <AliquotaIVA> pari a zero
00430: 2.2.2.2 <Natura> presente a fronte di 2.2.2.1 <AliquotaIVA> diversa da zero"
FatturaElettronicaBody,2.2.2.3,SpeseAccessorie,FatturaElettronicaBody_DettaglioLinee_DatiRiepilogo,xs:decimal,"Riepilogo degli importi di spese accessorie indicate nelle righe di dettaglio (<TipoCessionePrestazione> =  'AC'), tale importo rappresenta una parte dell'ammontare contenuto nell'elemento 2.2.2.5 <ImponibileImporto>",formato numerico; i decimali vanno separati dall'intero con il carattere  '.' (punto),<0.1>,4 … 15,,
FatturaElettronicaBody,2.2.2.4,Arrotondamento,FatturaElettronicaBody_DettaglioLinee_DatiRiepilogo,xs:decimal,"Importo dell'arrotondamento eventualmente applicato alle somme dei dati di dettaglio per riportarle al centesimo di euro, come espresse nell'elemento 2.2.2.5 <ImponibileImporto> ",formato numerico; i decimali vanno separati dall'intero con il carattere  '.' (punto),<0.1>,4 … 21,,
FatturaElettronicaBody,2.2.2.5,ImponibileImporto,FatturaElettronicaBody_DettaglioLinee_DatiRiepilogo,xs:decimal,"Questo valore rappresenta:
la base imponibile, se il riepilogo riguarda operazioni soggette ad IVA;
l'ammontare degli importi, se il riepilogo riguarda le operazioni per le quali l'IVA non deve essere esposta (elemento informativo 2.2.2.2 <Natura> valorizzato)",formato numerico; i decimali vanno separati dall'intero con il carattere  '.' (punto),<1.1>,4 … 15,"Viene controllato il corretto calcolo dell'elemento informativo, secondo
l'algoritmo definito nelle specifiche tecniche (Elenco controlli
versione 1.2)",00422: 2.2.2.5 <ImponibileImporto> non calcolato secondo le regole definite nelle specifiche tecniche
FatturaElettronicaBody,2.2.2.6,Imposta,FatturaElettronicaBody_DettaglioLinee_DatiRiepilogo,xs:decimal,Imposta risultante dall'applicazione dell'aliquota IVA all'imponibile,formato numerico; i decimali vanno separati dall'intero con il carattere  '.' (punto),<1.1>,4 … 15,"Viene controllato il corretto calcolo dell'elemento informativo, secondo
l'algoritmo definito nelle specifiche tecniche (Elenco controlli
versione 1.2)",00421: 2.2.2.6 <Imposta> non calcolato secondo le regole definite nelle specifiche tecniche
FatturaElettronicaBody,2.2.2.7,EsigibilitaIVA,FatturaElettronicaBody_DettaglioLinee_DatiRiepilogo,xs:string,"L'elemento esprime il momento nel quale l'IVA diventa esigibile (immediata  ai sensi dell'Art. 6 comma 5 del DPR 633 1972, oppure differita) oppure il fatto che le modalità di versamento dell'imposta sono differenti da quelle ordinarie (scissione dei pagamenti)","valori ammessi:
[I]: IVA ad esigibilità immediata
[D]: IVA ad esigibilità differita
[S]: scissione dei pagamenti",<0.1>,1,"Se è valorizzato a ""S"", viene controllato che l'elemento informativo
2.2.2.2 <Natura> non sia valorizzato a ""N6""",00420: 2.2.2.2 <Natura> con valore N6 (inversione contabile) a fronte di 2.2.2.7 <EsigibilitaIVA> uguale a  S (scissione pagamenti)
FatturaElettronicaBody,2.2.2.8,RiferimentoNormativo,FatturaElettronicaBody_DettaglioLinee_DatiRiepilogo,xs:normalizedString,Norma di riferimento (nei casi in cui l'elemento informativo 2.2.2.2 <Natura> è valorizzato),formato alfanumerico,<0.1>,1 … 100,,
FatturaElettronicaBody,2.3,DatiVeicoli,FatturaElettronicaBody,,"Dati relativi ai veicoli di cui all'art. 38, comma 4 del dl 331 del 1993",,<0.1>,,,
FatturaElettronicaBody,2.3.1,Data,FatturaElettronicaBody,xs:date,Data di prima immatricolazione o di iscrizione nei pubblici registri (secondo il formato ISO 8601:2004),"formato ISO 8601:2004, con la  precisione seguente:   YYYY-MM-DD",<1.1>,10,,
FatturaElettronicaBody,2.3.2,TotalePercorso,FatturaElettronicaBody,xs:normalizedString,"Totale chilometri percorsi, oppure totale ore navigate o volate",formato alfanumerico,<1.1>,1 … 15,,
FatturaElettronicaBody,2.4,DatiPagamento,FatturaElettronicaBody_DatiPagamento,,Blocco destinato a descrivere le modalità di pagamento per la cessione/prestazione rappresentata in fattura,,<0.N>,,,
FatturaElettronicaBody,2.4.1,CondizioniPagamento,FatturaElettronicaBody_DatiPagamento,xs:string,Condizioni di pagamento,"valori ammessi:
[TP01]: pagamento a rate
[TP02]: pagamento completo
[TP03]: anticipo",<1.1>,4,,
FatturaElettronicaBody,2.4.2,DettaglioPagamento,FatturaElettronicaBody_DatiPagamento_DettaglioPagamento,,Dati di dettaglio del pagamento,,<1.N>,,,
FatturaElettronicaBody,2.4.2.1,Beneficiario,FatturaElettronicaBody_DatiPagamento_DettaglioPagamento,xs:string,Beneficiario del pagamento (utilizzabile se si intende indicare un beneficiario diverso dal cedente/prestatore),formato alfanumerico,<0.1>,1 … 200,,
FatturaElettronicaBody,2.4.2.2,ModalitaPagamento,FatturaElettronicaBody_DatiPagamento_DettaglioPagamento,xs:string,Modalità di pagamento,"valori ammessi:
vedi codifiche in calce al documento",<1.1>,4,,
FatturaElettronicaBody,2.4.2.3,DataRiferimentoTerminiPagamento,FatturaElettronicaBody_DatiPagamento_DettaglioPagamento,xs:date,Data dalla quale decorrono i termini di pagamento (secondo il formato ISO 8601:2004),"formato ISO 8601:2004, con la  precisione seguente:   YYYY-MM-DD",<0.1>,10,,
FatturaElettronicaBody,2.4.2.4,GiorniTerminiPagamento,FatturaElettronicaBody_DatiPagamento_DettaglioPagamento,xs:integer,Termini di pagamento espressi in giorni a partire dalla data di riferimento di cui all'elemento informativo precedente 2.4.2.3 <DataRiferimentoTerminiPagamento> (vale 0 per pagamenti a vista ),formato numerico,<0.1>,1 … 3,,
FatturaElettronicaBody,2.4.2.5,DataScadenzaPagamento,FatturaElettronicaBody_DatiPagamento_DettaglioPagamento,xs:date,Data di scadenza del pagamento (secondo il formato ISO 8601:2004) da indicare nei casi in cui ha senso sulla bese delle condizioni di pagamento previste),"formato ISO 8601:2004, con la  precisione seguente:   YYYY-MM-DD",<0.1>,10,,
FatturaElettronicaBody,2.4.2.6,ImportoPagamento,FatturaElettronicaBody_DatiPagamento_DettaglioPagamento,xs:decimal,Importo relativo al pagamento,formato numerico; i decimali vanno separati dall'intero con il carattere  '.' (punto),<1.1>,4 … 15,,
FatturaElettronicaBody,2.4.2.7,CodUfficioPostale,FatturaElettronicaBody_DatiPagamento_DettaglioPagamento,xs:normalizedString,Nei casi di modalità di pagamento in cui ha senso l'indicazione dell'ufficio postale,formato alfanumerico,<0.1>,1 … 20,,
FatturaElettronicaBody,2.4.2.8,CognomeQuietanzante,FatturaElettronicaBody_DatiPagamento_DettaglioPagamento,xs:normalizedString,Cognome del quietanzante (nei casi di elemento informativo 2.4.2.2 <ModalitaPagamento> = MP04 ),formato alfanumerico,<0.1>,1 … 60,,
FatturaElettronicaBody,2.4.2.9,NomeQuietanzante,FatturaElettronicaBody_DatiPagamento_DettaglioPagamento,xs:normalizedString,Nome del quietanzante (nei casi di elemento informativo 2.4.2.2 <ModalitaPagamento> = MP04 ),formato alfanumerico,<0.1>,1 … 60,,
FatturaElettronicaBody,2.4.2.10,CFQuietanzante,FatturaElettronicaBody_DatiPagamento_DettaglioPagamento,xs:string,Codice fiscale del quietanzante (nei casi di elemento informativo 2.4.2.2 <ModalitaPagamento> = MP04 ),formato alfanumerico,<0.1>,16,,
FatturaElettronicaBody,2.4.2.11,TitoloQuietanzante,FatturaElettronicaBody_DatiPagamento_DettaglioPagamento,xs:normalizedString,Titolo del quietanzante (nei casi di elemento informativo 2.4.2.2 <ModalitaPagamento> = MP04 ),formato alfanumerico,<0.1>,2 … 10,,
FatturaElettronicaBody,2.4.2.12,IstitutoFinanziario,FatturaElettronicaBody_DatiPagamento_DettaglioPagamento,xs:normalizedString,Nome dell'Istituto Finanziario,formato alfanumerico,<0.1>,1 … 80,,
FatturaElettronicaBody,2.4.2.13,IBAN,FatturaElettronicaBody_DatiPagamento_DettaglioPagamento,xs:string,"International Bank Account Number (coordinata bancaria internazionale che consente di identificare, in maniera standard, il conto corrente del beneficiario )",formato alfanumerico,<0.1>,15 … 34,,
FatturaElettronicaBody,2.4.2.14,ABI,FatturaElettronicaBody_DatiPagamento_DettaglioPagamento,xs:string,Codice ABI ,formato numerico,<0.1>,5,,
FatturaElettronicaBody,2.4.2.15,CAB,FatturaElettronicaBody_DatiPagamento_DettaglioPagamento,xs:string,Codice CAB ,formato numerico,<0.1>,5,,
FatturaElettronicaBody,2.4.2.16,BIC,FatturaElettronicaBody_DatiPagamento_DettaglioPagamento,xs:string,Bank Identifier Code (codice che identifica la banca del beneficiario),formato alfanumerico,<0.1>,8 … 11,,
FatturaElettronicaBody,2.4.2.17,ScontoPagamentoAnticipato,FatturaElettronicaBody_DatiPagamento_DettaglioPagamento,xs:decimal,Ammontare dello sconto per pagamento anticipato,formato numerico; i decimali vanno separati dall'intero con il carattere  '.' (punto),<0.1>,4 … 15,,
FatturaElettronicaBody,2.4.2.18,DataLimitePagamentoAnticipato,FatturaElettronicaBody_DatiPagamento_DettaglioPagamento,xs:date,Data limite stabilita per il pagamento anticipato (secondo il formato ISO 8601:2004),"formato ISO 8601:2004, con la  precisione seguente:   YYYY-MM-DD",<0.1>,10,,
FatturaElettronicaBody,2.4.2.19,PenalitaPagamentiRitardati,FatturaElettronicaBody_DatiPagamento_DettaglioPagamento,xs:decimal,Ammontare della penalità dovuta per pagamenti ritardati,formato numerico; i decimali vanno separati dall'intero con il carattere  '.' (punto),<0.1>,4 … 15,,
FatturaElettronicaBody,2.4.2.20,DataDecorrenzaPenale,FatturaElettronicaBody_DatiPagamento_DettaglioPagamento,xs:date,Data di decorrenza della penale (secondo il formato ISO 8601:2004),"formato ISO 8601:2004, con la  precisione seguente:   YYYY-MM-DD",<0.1>,10,,
FatturaElettronicaBody,2.4.2.21,CodicePagamento,FatturaElettronicaBody_DatiPagamento_DettaglioPagamento,xs:string,Codice per la riconciliazione degli incassi da parte del cedente/prestatore,formato alfanumerico,<0.1>,1 … 60,,
FatturaElettronicaBody,2.5,Allegati,FatturaElettronicaBody_Allegati,,Dati relativi ad eventuali allegati,,<0.N>,,,
FatturaElettronicaBody,2.5.1,NomeAttachment,FatturaElettronicaBody_Allegati,xs:normalizedString,Nome dell'allegato,formato alfanumerico,<1.1>,1 … 60,,
FatturaElettronicaBody,2.5.2,AlgoritmoCompressione,FatturaElettronicaBody_Allegati,xs:string,"Algoritmo usato per comprimere l'attachment (ad es.: ZIP, RAR, …)",formato alfanumerico,<0.1>,1 … 10,,
FatturaElettronicaBody,2.5.3,FormatoAttachment,FatturaElettronicaBody_Allegati,xs:string,"Formato dell'attachment (ad es: TXT, XML, DOC, PDF …….)",formato alfanumerico,<0.1>,1 … 10,,
FatturaElettronicaBody,2.5.4,DescrizioneAttachment,FatturaElettronicaBody_Allegati,xs:normalizedString,Descrizione del documento,formato alfanumerico,<0.1>,1 … 100,,
FatturaElettronicaBody,2.5.5,Attachment,FatturaElettronicaBody_Allegati,xs:base64Binary,Contiene il documento allegato alla fattura; il contenuto è demandato agli accordi tra PA e fornitore ,base64Binary [RFC 2045],<1.1>,,,
